consumidor,tipo_inmueble,moneda_region,mes,dia_semana,uso_horario_pico,cantidad_equipos,horas_alto_consumo,consumo_kwh,perfil_energetico
Usuario_1,Casa,USD,12,2,1,9,12,472.94,Ineficiente
Usuario_2,Casa,PEN,12,4,1,28,1,972.45,Ineficiente
Usuario_3,Casa,USD,4,1,1,2,9,487.51,Ineficiente
Usuario_4,Apartamento,PEN,11,5,1,15,8,387.17,Ineficiente
Usuario_5,Oficina,BRL,1,6,0,28,6,755.35,Eficiente
Usuario_6,Oficina,MXN,4,6,1,6,7,476.43,Eficiente
Usuario_7,Casa,COP,6,4,1,3,12,258.43,Eficiente
Usuario_8,Comercio,CLP,2,3,1,19,11,1292.9,Ineficiente
Usuario_9,Oficina,CLP,4,5,1,15,13,670.22,Ineficiente
Usuario_10,Oficina,USD,4,6,1,18,8,842.4,Ineficiente
Usuario_11,Oficina,MXN,6,2,1,18,12,459.6,Eficiente
Usuario_12,Casa,CLP,11,1,1,16,3,675.38,Ineficiente
Usuario_13,Comercio,ARS,5,5,0,15,11,1292.06,Ineficiente
Usuario_14,Oficina,BRL,1,1,0,21,7,748.85,Eficiente
Usuario_15,Oficina,USD,4,4,0,21,4,522.26,Eficiente
Usuario_16,Comercio,ARS,11,3,1,9,4,665.27,Eficiente
Usuario_17,Oficina,PEN,10,3,0,26,6,608.19,Eficiente
Usuario_18,Apartamento,MXN,9,3,1,4,2,325.95,Moderado
Usuario_19,Apartamento,PEN,3,6,0,39,2,521.55,Eficiente
Usuario_20,Comercio,ARS,10,3,1,36,1,968.59,Eficiente
Usuario_21,Casa,PEN,9,6,1,22,2,605.56,Ineficiente
Usuario_22,Oficina,ARS,3,3,1,17,9,517.35,Eficiente
Usuario_23,Apartamento,CLP,2,6,0,33,10,446.91,Moderado
Usuario_24,Apartamento,MXN,6,6,1,34,1,546.77,Moderado
Usuario_25,Oficina,ARS,1,0,0,20,4,881.71,Moderado
Usuario_26,Casa,MXN,10,0,1,32,2,965.33,Ineficiente
Usuario_27,Apartamento,MXN,11,3,0,11,5,283.24,Eficiente
Usuario_28,Comercio,MXN,9,6,0,13,12,1030.22,Moderado
Usuario_29,Oficina,ARS,11,5,1,34,8,1012.6,Ineficiente
Usuario_30,Casa,MXN,4,0,1,38,9,486.2,Eficiente
Usuario_31,Apartamento,CLP,4,0,1,4,4,273.87,Ineficiente
Usuario_32,Casa,USD,6,0,1,18,11,380.64,Eficiente
Usuario_33,Comercio,MXN,9,1,0,37,10,761.75,Eficiente
Usuario_34,Comercio,MXN,8,6,1,7,2,1346.6,Ineficiente
Usuario_35,Comercio,COP,7,3,1,4,11,1383.85,Ineficiente
Usuario_36,Casa,USD,7,5,1,7,4,657.58,Ineficiente
Usuario_37,Apartamento,MXN,9,3,1,12,5,328.74,Eficiente
Usuario_38,Comercio,MXN,2,3,0,36,2,911.6,Eficiente
Usuario_39,Casa,PEN,9,6,1,6,13,485.57,Ineficiente
Usuario_40,Apartamento,MXN,7,3,1,26,1,588.76,Ineficiente
Usuario_41,Apartamento,ARS,1,3,1,30,5,420.15,Eficiente
Usuario_42,Comercio,PEN,12,6,1,32,3,1143.84,Ineficiente
Usuario_43,Apartamento,COP,4,0,1,35,1,333.05,Eficiente
Usuario_44,Oficina,USD,1,4,1,34,3,1339.97,Ineficiente
Usuario_45,Casa,CLP,2,6,1,39,2,588.41,Moderado
Usuario_46,Apartamento,ARS,2,4,1,39,1,849.65,Ineficiente
Usuario_47,Casa,ARS,11,4,1,21,5,519.49,Eficiente
Usuario_48,Apartamento,PEN,12,2,1,26,3,523.73,Ineficiente
Usuario_49,Oficina,ARS,6,6,0,1,8,640.78,Moderado
Usuario_50,Casa,USD,9,1,1,9,6,331.21,Eficiente
Usuario_51,Casa,MXN,6,2,1,35,12,1137.16,Ineficiente
Usuario_52,Oficina,CLP,11,4,1,36,5,975.24,Ineficiente
Usuario_53,Casa,MXN,5,0,0,36,3,1129.53,Ineficiente
Usuario_54,Oficina,COP,10,1,0,14,11,960.58,Ineficiente
Usuario_55,Oficina,CLP,8,2,0,4,2,573.55,Moderado
Usuario_56,Comercio,BRL,5,0,1,9,11,1409.86,Ineficiente
Usuario_57,Oficina,MXN,12,3,1,28,9,659.22,Eficiente
Usuario_58,Casa,USD,2,5,0,35,1,576.69,Eficiente
Usuario_59,Oficina,CLP,9,1,1,3,5,304.29,Eficiente
Usuario_60,Oficina,BRL,1,2,1,16,11,801.93,Moderado
Usuario_61,Casa,COP,9,6,1,10,4,446.39,Moderado
Usuario_62,Apartamento,BRL,3,3,1,22,13,414.07,Moderado
Usuario_63,Comercio,BRL,11,6,0,16,5,1419.59,Ineficiente
Usuario_64,Apartamento,BRL,12,0,1,3,8,322.16,Moderado
Usuario_65,Apartamento,MXN,8,2,1,15,4,344.45,Eficiente
Usuario_66,Casa,PEN,4,3,1,5,13,423.37,Ineficiente
Usuario_67,Oficina,COP,11,4,1,35,6,606.82,Eficiente
Usuario_68,Casa,USD,5,1,1,17,1,681.47,Ineficiente
Usuario_69,Casa,CLP,7,2,0,21,7,361.65,Eficiente
Usuario_70,Casa,ARS,10,1,1,28,1,1001.96,Ineficiente
Usuario_71,Apartamento,COP,7,0,0,22,10,656.17,Ineficiente
Usuario_72,Oficina,PEN,2,5,0,33,5,666.66,Eficiente
Usuario_73,Comercio,COP,7,5,1,9,4,564.46,Eficiente
Usuario_74,Comercio,PEN,7,5,0,12,10,1230.93,Ineficiente
Usuario_75,Oficina,ARS,9,6,1,19,4,937.28,Ineficiente
Usuario_76,Comercio,BRL,10,4,0,30,8,1499.12,Moderado
Usuario_77,Comercio,PEN,4,4,1,11,11,1026.53,Ineficiente
Usuario_78,Casa,COP,9,5,0,22,2,372.27,Eficiente
Usuario_79,Apartamento,PEN,5,1,0,10,1,273.16,Eficiente
Usuario_80,Casa,MXN,8,4,0,5,8,321.07,Eficiente
Usuario_81,Comercio,PEN,10,1,0,25,8,1250.95,Ineficiente
Usuario_82,Comercio,MXN,3,5,0,7,13,1063.54,Ineficiente
Usuario_83,Comercio,MXN,3,6,0,34,8,1040.56,Eficiente
Usuario_84,Casa,CLP,4,6,1,9,13,252.02,Eficiente
Usuario_85,Comercio,PEN,9,4,1,29,10,806.58,Moderado
Usuario_86,Comercio,BRL,9,3,0,31,8,1052.49,Eficiente
Usuario_87,Oficina,BRL,4,6,0,34,8,1231.75,Ineficiente
Usuario_88,Apartamento,COP,8,0,0,16,5,452.2,Moderado
Usuario_89,Oficina,COP,9,0,1,15,7,968.18,Ineficiente
Usuario_90,Apartamento,PEN,4,0,1,22,9,403.37,Ineficiente
Usuario_91,Comercio,ARS,1,1,0,25,13,819.26,Eficiente
Usuario_92,Casa,BRL,10,3,1,23,5,841.53,Ineficiente
Usuario_93,Comercio,BRL,7,4,0,35,13,1840.33,Ineficiente
Usuario_94,Apartamento,ARS,4,2,1,2,7,301.47,Moderado
Usuario_95,Oficina,PEN,11,6,1,11,8,765.82,Ineficiente
Usuario_96,Apartamento,CLP,9,0,0,38,10,515.83,Moderado
Usuario_97,Casa,USD,11,3,1,30,3,662.41,Moderado
Usuario_98,Casa,COP,7,2,1,21,6,642.71,Ineficiente
Usuario_99,Comercio,COP,7,2,0,31,1,715.92,Eficiente
Usuario_100,Casa,COP,4,5,1,3,13,277.99,Eficiente
Usuario_101,Casa,MXN,4,6,1,10,4,312.24,Eficiente
Usuario_102,Apartamento,ARS,11,0,1,14,8,451.54,Ineficiente
Usuario_103,Oficina,BRL,6,1,0,8,13,618.84,Eficiente
Usuario_104,Apartamento,COP,2,4,1,20,10,508.67,Ineficiente
Usuario_105,Comercio,ARS,12,1,1,16,2,1579.06,Ineficiente
Usuario_106,Oficina,BRL,11,4,0,37,13,811.24,Eficiente
Usuario_107,Casa,COP,9,3,0,5,9,413.75,Moderado
Usuario_108,Oficina,USD,7,6,1,28,6,1128.63,Ineficiente
Usuario_109,Comercio,PEN,3,3,1,34,11,765.31,Eficiente
Usuario_110,Oficina,CLP,9,6,1,28,12,441.12,Eficiente
Usuario_111,Oficina,COP,4,6,0,18,8,601.65,Eficiente
Usuario_112,Apartamento,BRL,8,4,0,25,6,383.66,Eficiente
Usuario_113,Casa,ARS,6,1,1,23,13,898.54,Ineficiente
Usuario_114,Oficina,COP,5,4,0,18,9,952.17,Ineficiente
Usuario_115,Casa,CLP,4,0,1,27,8,628.3,Ineficiente
Usuario_116,Apartamento,PEN,8,5,0,29,13,631.85,Ineficiente
Usuario_117,Casa,USD,5,1,1,16,5,670.96,Ineficiente
Usuario_118,Oficina,ARS,9,4,1,36,6,681.8,Eficiente
Usuario_119,Oficina,PEN,8,2,1,15,2,879.12,Ineficiente
Usuario_120,Apartamento,COP,2,5,1,12,4,434.74,Ineficiente
Usuario_121,Apartamento,PEN,8,2,0,34,10,657.84,Ineficiente
Usuario_122,Oficina,USD,4,2,1,12,5,891.67,Ineficiente
Usuario_123,Casa,PEN,9,1,1,4,9,333.14,Moderado
Usuario_124,Oficina,PEN,3,5,0,32,2,509.96,Eficiente
Usuario_125,Casa,CLP,5,3,1,22,3,391.94,Eficiente
Usuario_126,Casa,COP,8,0,0,26,8,601.78,Eficiente
Usuario_127,Casa,CLP,11,5,1,10,13,548.77,Ineficiente
Usuario_128,Oficina,USD,4,0,1,27,10,1045.88,Ineficiente
Usuario_129,Apartamento,BRL,9,3,1,29,5,329.21,Eficiente
Usuario_130,Comercio,COP,10,4,1,7,13,881.71,Ineficiente
Usuario_131,Apartamento,PEN,4,2,0,11,4,297.69,Eficiente
Usuario_132,Apartamento,CLP,2,1,1,29,12,384.6,Moderado
Usuario_133,Comercio,COP,1,1,1,19,12,740.59,Eficiente
Usuario_134,Comercio,USD,11,1,0,38,11,941.37,Eficiente
Usuario_135,Apartamento,ARS,2,4,1,10,5,585.53,Ineficiente
Usuario_136,Apartamento,USD,1,1,0,39,12,564.82,Moderado
Usuario_137,Oficina,ARS,2,3,0,26,5,1002.01,Moderado
Usuario_138,Comercio,ARS,2,4,1,28,12,1523.05,Ineficiente
Usuario_139,Oficina,CLP,5,0,1,37,10,690.34,Moderado
Usuario_140,Casa,BRL,11,6,1,3,13,705.42,Ineficiente
Usuario_141,Apartamento,ARS,9,5,1,18,3,625.6,Ineficiente
Usuario_142,Comercio,PEN,8,0,1,27,6,741.22,Eficiente
Usuario_143,Oficina,PEN,2,6,1,27,12,858.3,Ineficiente
Usuario_144,Comercio,COP,11,3,0,36,1,934.57,Eficiente
Usuario_145,Comercio,USD,6,2,1,26,9,803.44,Moderado
Usuario_146,Casa,PEN,9,3,1,13,9,274.69,Eficiente
Usuario_147,Oficina,CLP,8,5,1,4,4,579.14,Ineficiente
Usuario_148,Oficina,CLP,3,2,1,32,2,750.26,Moderado
Usuario_149,Casa,PEN,10,6,1,11,5,271.08,Eficiente
Usuario_150,Casa,CLP,7,0,1,8,8,376.49,Moderado
Usuario_151,Casa,PEN,3,3,0,19,9,719.29,Ineficiente
Usuario_152,Oficina,ARS,8,3,1,36,3,727.73,Eficiente
Usuario_153,Comercio,MXN,10,4,0,9,2,661.32,Eficiente
Usuario_154,Oficina,BRL,7,2,0,33,5,1148.63,Moderado
Usuario_155,Casa,COP,12,2,0,38,11,1252.2,Ineficiente
Usuario_156,Comercio,BRL,3,3,1,23,6,893.25,Eficiente
Usuario_157,Comercio,ARS,6,6,1,16,10,1158.66,Ineficiente
Usuario_158,Comercio,MXN,7,0,1,31,12,1707.1,Ineficiente
Usuario_159,Comercio,ARS,11,6,0,10,8,718.69,Eficiente
Usuario_160,Casa,MXN,9,4,1,7,8,620.14,Ineficiente
Usuario_161,Casa,CLP,8,0,0,27,11,492.99,Moderado
Usuario_162,Apartamento,USD,8,6,0,22,10,487.99,Ineficiente
Usuario_163,Comercio,PEN,2,6,1,35,7,1320.68,Ineficiente
Usuario_164,Oficina,PEN,12,6,1,35,1,967.85,Ineficiente
Usuario_165,Casa,MXN,11,5,0,15,12,373.1,Eficiente
Usuario_166,Casa,ARS,2,6,0,7,8,737.16,Ineficiente
Usuario_167,Apartamento,PEN,5,0,1,4,5,220.43,Moderado
Usuario_168,Oficina,COP,7,1,1,27,10,680.0,Moderado
Usuario_169,Apartamento,MXN,3,0,0,25,10,309.49,Eficiente
Usuario_170,Apartamento,ARS,10,1,1,17,8,466.35,Ineficiente
Usuario_171,Oficina,PEN,1,6,1,19,11,910.02,Ineficiente
Usuario_172,Apartamento,USD,8,2,0,20,11,234.3,Eficiente
Usuario_173,Comercio,PEN,5,3,0,13,7,849.42,Moderado
Usuario_174,Comercio,USD,4,3,1,37,5,823.19,Eficiente
Usuario_175,Oficina,USD,11,3,1,37,11,991.16,Ineficiente
Usuario_176,Casa,CLP,12,3,0,19,13,402.34,Eficiente
Usuario_177,Apartamento,CLP,6,1,0,17,11,413.62,Ineficiente
Usuario_178,Apartamento,PEN,2,5,0,20,13,409.64,Moderado
Usuario_179,Comercio,USD,10,2,0,6,5,1149.47,Ineficiente
Usuario_180,Oficina,PEN,7,1,1,35,6,628.48,Eficiente
Usuario_181,Oficina,BRL,3,2,0,31,13,844.7,Eficiente
Usuario_182,Oficina,PEN,6,6,1,5,3,366.01,Eficiente
Usuario_183,Apartamento,BRL,11,5,0,26,13,783.08,Ineficiente
Usuario_184,Oficina,USD,7,0,1,8,8,958.2,Ineficiente
Usuario_185,Oficina,PEN,12,5,1,25,11,656.11,Moderado
Usuario_186,Oficina,USD,11,1,1,36,6,992.87,Ineficiente
Usuario_187,Apartamento,PEN,2,5,0,20,11,588.36,Ineficiente
Usuario_188,Comercio,USD,3,0,0,20,8,993.47,Moderado
Usuario_189,Casa,USD,4,4,1,30,6,666.49,Moderado
Usuario_190,Comercio,CLP,12,5,1,27,11,798.13,Moderado
Usuario_191,Casa,BRL,8,4,1,18,1,410.87,Eficiente
Usuario_192,Oficina,MXN,8,3,0,24,2,1191.48,Ineficiente
Usuario_193,Oficina,CLP,11,2,1,18,4,869.64,Ineficiente
Usuario_194,Casa,BRL,8,0,0,39,1,979.58,Moderado
Usuario_195,Casa,BRL,6,1,0,37,4,727.94,Eficiente
Usuario_196,Casa,BRL,9,1,1,15,6,535.35,Moderado
Usuario_197,Apartamento,BRL,10,0,1,10,3,477.34,Ineficiente
Usuario_198,Oficina,BRL,3,0,0,2,3,927.01,Ineficiente
Usuario_199,Casa,COP,4,4,1,12,5,696.4,Ineficiente
Usuario_200,Casa,MXN,12,3,1,5,8,711.71,Ineficiente
Usuario_201,Comercio,BRL,6,4,1,29,9,1389.09,Ineficiente
Usuario_202,Apartamento,CLP,1,5,0,34,5,348.38,Eficiente
Usuario_203,Comercio,PEN,1,0,0,26,7,755.53,Eficiente
Usuario_204,Casa,ARS,12,3,1,6,6,754.48,Ineficiente
Usuario_205,Apartamento,USD,3,2,0,38,9,632.17,Moderado
Usuario_206,Oficina,ARS,10,4,1,33,10,511.97,Eficiente
Usuario_207,Comercio,USD,12,0,0,36,12,797.01,Eficiente
Usuario_208,Apartamento,ARS,8,1,1,30,7,639.33,Ineficiente
Usuario_209,Comercio,PEN,2,2,1,17,6,552.62,Eficiente
Usuario_210,Apartamento,PEN,8,0,1,6,2,193.7,Eficiente
Usuario_211,Comercio,USD,12,5,1,9,9,1019.85,Ineficiente
Usuario_212,Casa,CLP,9,4,1,8,7,481.36,Ineficiente
Usuario_213,Oficina,BRL,11,6,1,4,5,799.25,Ineficiente
Usuario_214,Oficina,COP,2,4,1,10,11,577.28,Moderado
Usuario_215,Comercio,MXN,2,2,0,24,2,1547.94,Ineficiente
Usuario_216,Oficina,CLP,4,6,1,36,13,593.78,Moderado
Usuario_217,Casa,CLP,11,6,0,2,3,304.83,Eficiente
Usuario_218,Oficina,PEN,5,2,1,12,3,762.38,Ineficiente
Usuario_219,Comercio,USD,3,5,0,2,2,894.74,Moderado
Usuario_220,Apartamento,ARS,7,3,1,24,5,755.31,Ineficiente
Usuario_221,Oficina,BRL,10,4,1,4,3,802.86,Ineficiente
Usuario_222,Apartamento,BRL,10,0,0,18,8,510.32,Moderado
Usuario_223,Comercio,ARS,10,3,1,14,13,619.59,Eficiente
Usuario_224,Casa,COP,7,0,1,38,8,764.21,Moderado
Usuario_225,Oficina,USD,4,3,0,4,1,460.29,Eficiente
Usuario_226,Apartamento,COP,4,6,1,17,5,315.48,Eficiente
Usuario_227,Oficina,USD,1,3,0,12,3,1078.14,Ineficiente
Usuario_228,Comercio,CLP,12,1,1,23,2,908.62,Moderado
Usuario_229,Comercio,BRL,12,0,1,30,2,1935.48,Ineficiente
Usuario_230,Oficina,CLP,7,4,1,27,5,912.35,Ineficiente
Usuario_231,Casa,ARS,1,2,1,30,12,1041.02,Ineficiente
Usuario_232,Oficina,USD,7,6,1,28,10,918.06,Ineficiente
Usuario_233,Comercio,CLP,2,3,0,22,4,1067.05,Ineficiente
Usuario_234,Oficina,BRL,3,0,1,8,9,739.42,Ineficiente
Usuario_235,Apartamento,BRL,6,2,0,10,4,286.29,Eficiente
Usuario_236,Casa,MXN,5,1,1,10,13,653.95,Ineficiente
Usuario_237,Casa,MXN,11,3,1,37,13,654.33,Moderado
Usuario_238,Comercio,PEN,10,5,0,21,11,514.81,Eficiente
Usuario_239,Oficina,MXN,8,0,1,20,13,945.31,Ineficiente
Usuario_240,Oficina,CLP,1,2,1,20,8,530.84,Eficiente
Usuario_241,Comercio,USD,1,2,0,5,11,1310.93,Ineficiente
Usuario_242,Casa,CLP,10,4,1,38,9,914.64,Ineficiente
Usuario_243,Casa,ARS,10,5,1,39,8,1103.12,Ineficiente
Usuario_244,Apartamento,USD,8,0,0,22,12,384.18,Moderado
Usuario_245,Casa,CLP,11,1,1,29,8,322.38,Eficiente
Usuario_246,Apartamento,COP,6,2,1,22,11,635.47,Ineficiente
Usuario_247,Casa,BRL,11,5,1,22,2,648.99,Moderado
Usuario_248,Comercio,COP,5,5,0,39,3,1664.73,Ineficiente
Usuario_249,Oficina,USD,10,5,1,23,5,1069.52,Ineficiente
Usuario_250,Comercio,MXN,10,5,0,20,9,1437.03,Ineficiente
Usuario_251,Comercio,PEN,6,6,1,34,2,825.93,Eficiente
Usuario_252,Comercio,CLP,6,0,1,12,4,705.72,Moderado
Usuario_253,Oficina,BRL,8,1,1,9,3,996.06,Ineficiente
Usuario_254,Casa,COP,2,4,0,34,1,688.67,Moderado
Usuario_255,Oficina,BRL,10,1,1,10,3,535.57,Eficiente
Usuario_256,Apartamento,BRL,12,6,0,11,12,491.69,Ineficiente
Usuario_257,Comercio,USD,7,2,0,16,8,1462.73,Ineficiente
Usuario_258,Oficina,BRL,12,6,1,35,4,1395.05,Ineficiente
Usuario_259,Oficina,BRL,8,6,1,37,8,1117.64,Ineficiente
Usuario_260,Comercio,BRL,5,6,1,34,7,813.19,Eficiente
Usuario_261,Apartamento,BRL,4,6,0,17,1,519.05,Moderado
Usuario_262,Comercio,BRL,6,4,0,34,2,1854.64,Ineficiente
Usuario_263,Oficina,USD,3,2,1,33,3,565.42,Eficiente
Usuario_264,Comercio,USD,4,6,1,23,1,988.6,Moderado
Usuario_265,Comercio,USD,7,4,1,25,2,1529.08,Ineficiente
Usuario_266,Oficina,MXN,1,2,0,22,13,1198.66,Ineficiente
Usuario_267,Apartamento,MXN,1,2,0,31,12,802.76,Ineficiente
Usuario_268,Apartamento,BRL,12,3,1,1,2,409.81,Ineficiente
Usuario_269,Casa,COP,4,6,1,39,9,666.94,Moderado
Usuario_270,Comercio,USD,5,1,1,4,4,654.11,Eficiente
Usuario_271,Comercio,PEN,10,3,1,32,10,1279.98,Ineficiente
Usuario_272,Casa,PEN,9,4,1,10,5,576.03,Ineficiente
Usuario_273,Comercio,USD,10,2,1,27,3,1343.84,Ineficiente
Usuario_274,Casa,CLP,6,0,0,35,9,858.01,Ineficiente
Usuario_275,Casa,ARS,8,0,0,24,5,662.58,Moderado
Usuario_276,Casa,COP,2,2,1,7,13,540.01,Ineficiente
Usuario_277,Oficina,MXN,1,2,1,12,13,1102.15,Ineficiente
Usuario_278,Comercio,PEN,8,5,1,9,2,916.72,Ineficiente
Usuario_279,Comercio,USD,5,1,1,13,1,1046.78,Ineficiente
Usuario_280,Oficina,COP,9,3,0,35,8,1143.15,Ineficiente
Usuario_281,Oficina,USD,11,1,1,4,11,792.68,Ineficiente
Usuario_282,Oficina,COP,2,6,1,26,12,801.9,Ineficiente
Usuario_283,Comercio,ARS,6,1,1,32,6,1025.92,Moderado
Usuario_284,Oficina,BRL,2,5,1,28,10,693.37,Moderado
Usuario_285,Apartamento,CLP,5,2,1,21,11,411.46,Ineficiente
Usuario_286,Oficina,COP,8,4,0,11,12,392.63,Eficiente
Usuario_287,Comercio,COP,8,0,0,23,10,989.09,Moderado
Usuario_288,Comercio,COP,11,6,0,5,11,887.83,Moderado
Usuario_289,Comercio,COP,9,6,0,11,1,733.52,Eficiente
Usuario_290,Apartamento,BRL,10,5,0,3,3,348.68,Moderado
Usuario_291,Casa,MXN,11,2,1,37,1,468.4,Eficiente
Usuario_292,Apartamento,PEN,8,2,1,5,10,157.43,Eficiente
Usuario_293,Apartamento,CLP,6,3,1,18,4,466.04,Ineficiente
Usuario_294,Casa,USD,12,1,1,25,9,607.32,Ineficiente
Usuario_295,Casa,COP,5,5,1,19,12,383.23,Eficiente
Usuario_296,Comercio,MXN,2,1,0,29,3,1383.24,Moderado
Usuario_297,Comercio,USD,11,6,0,23,12,1211.07,Ineficiente
Usuario_298,Casa,CLP,9,2,0,11,12,321.6,Eficiente
Usuario_299,Apartamento,BRL,6,4,1,13,13,475.46,Ineficiente
Usuario_300,Apartamento,MXN,8,0,1,37,6,406.69,Eficiente
Usuario_301,Comercio,BRL,9,1,0,6,2,584.95,Eficiente
Usuario_302,Oficina,ARS,12,5,1,27,13,1024.71,Ineficiente
Usuario_303,Comercio,BRL,10,0,1,21,11,1188.09,Ineficiente
Usuario_304,Casa,ARS,8,5,1,9,13,574.41,Ineficiente
Usuario_305,Apartamento,BRL,3,3,1,4,2,401.01,Ineficiente
Usuario_306,Apartamento,COP,3,1,1,15,6,562.58,Ineficiente
Usuario_307,Oficina,BRL,2,2,1,36,5,1213.91,Ineficiente
Usuario_308,Apartamento,PEN,5,4,1,33,11,424.38,Moderado
Usuario_309,Apartamento,CLP,10,1,1,39,6,668.02,Ineficiente
Usuario_310,Casa,BRL,1,0,1,37,5,776.33,Moderado
Usuario_311,Apartamento,BRL,10,3,0,2,8,294.24,Eficiente
Usuario_312,Oficina,PEN,5,3,1,26,5,456.33,Eficiente
Usuario_313,Comercio,USD,12,0,1,27,8,658.74,Eficiente
Usuario_314,Comercio,MXN,6,4,1,21,12,1559.84,Ineficiente
Usuario_315,Oficina,ARS,3,6,1,36,2,1244.71,Ineficiente
Usuario_316,Oficina,MXN,8,0,1,16,3,935.95,Ineficiente
Usuario_317,Casa,USD,5,3,0,27,4,571.07,Eficiente
Usuario_318,Apartamento,BRL,6,4,0,13,13,300.66,Eficiente
Usuario_319,Apartamento,ARS,9,3,1,20,8,316.19,Eficiente
Usuario_320,Casa,USD,7,4,1,16,4,467.38,Moderado
Usuario_321,Oficina,USD,1,2,1,31,5,988.56,Ineficiente
Usuario_322,Casa,BRL,2,3,1,17,12,881.67,Ineficiente
Usuario_323,Oficina,BRL,7,2,1,4,10,925.19,Ineficiente
Usuario_324,Apartamento,COP,9,2,1,33,8,447.18,Eficiente
Usuario_325,Oficina,BRL,10,5,0,9,2,1067.26,Ineficiente
Usuario_326,Comercio,COP,6,4,0,10,4,1095.74,Moderado
Usuario_327,Comercio,CLP,1,0,1,22,13,1046.61,Ineficiente
Usuario_328,Comercio,CLP,8,1,0,33,3,1051.29,Moderado
Usuario_329,Oficina,CLP,6,1,1,20,10,605.64,Moderado
Usuario_330,Oficina,CLP,9,4,1,37,5,607.31,Eficiente
Usuario_331,Comercio,BRL,1,2,1,8,7,1007.9,Moderado
Usuario_332,Oficina,BRL,12,6,0,2,10,966.9,Ineficiente
Usuario_333,Comercio,COP,11,6,0,38,10,647.69,Eficiente
Usuario_334,Apartamento,PEN,1,4,1,34,11,384.9,Eficiente
Usuario_335,Comercio,MXN,11,1,1,8,4,567.58,Eficiente
Usuario_336,Casa,ARS,6,3,1,14,7,325.62,Eficiente
Usuario_337,Comercio,BRL,12,5,1,9,9,1550.59,Ineficiente
Usuario_338,Apartamento,CLP,6,5,1,25,6,492.78,Ineficiente
Usuario_339,Apartamento,ARS,9,2,1,17,10,420.65,Ineficiente
Usuario_340,Comercio,MXN,4,2,1,15,5,658.06,Eficiente
Usuario_341,Oficina,PEN,4,5,0,21,8,692.74,Moderado
Usuario_342,Oficina,CLP,12,2,1,37,11,884.39,Ineficiente
Usuario_343,Comercio,ARS,6,6,0,19,1,724.64,Eficiente
Usuario_344,Oficina,PEN,2,2,0,17,12,718.35,Moderado
Usuario_345,Comercio,MXN,4,6,1,36,12,1134.5,Moderado
Usuario_346,Oficina,MXN,2,4,0,16,4,1009.8,Ineficiente
Usuario_347,Casa,PEN,9,1,0,4,2,448.22,Moderado
Usuario_348,Comercio,COP,12,3,1,9,1,601.55,Eficiente
Usuario_349,Apartamento,ARS,11,3,1,13,13,347.35,Moderado
Usuario_350,Oficina,COP,5,5,1,6,11,705.36,Ineficiente
Usuario_351,Apartamento,CLP,12,5,0,3,3,278.59,Moderado
Usuario_352,Comercio,BRL,3,0,0,26,13,1586.99,Ineficiente
Usuario_353,Comercio,MXN,12,6,0,3,1,1205.19,Ineficiente
Usuario_354,Oficina,CLP,10,0,0,22,5,464.17,Eficiente
Usuario_355,Comercio,PEN,9,4,1,9,9,491.8,Eficiente
Usuario_356,Comercio,COP,4,6,1,11,12,1027.98,Ineficiente
Usuario_357,Comercio,PEN,5,5,1,22,13,521.38,Eficiente
Usuario_358,Oficina,CLP,11,6,1,26,7,755.58,Ineficiente
Usuario_359,Oficina,USD,7,5,1,9,8,1013.16,Ineficiente
Usuario_360,Oficina,MXN,1,2,1,29,13,1137.94,Ineficiente
Usuario_361,Oficina,COP,5,4,0,1,5,527.09,Eficiente
Usuario_362,Oficina,PEN,4,0,0,30,5,874.03,Moderado
Usuario_363,Apartamento,ARS,11,4,0,20,12,442.35,Moderado
Usuario_364,Casa,PEN,5,2,0,15,3,511.52,Moderado
Usuario_365,Comercio,MXN,8,5,0,24,7,1581.23,Ineficiente
Usuario_366,Comercio,BRL,9,6,0,14,13,960.86,Moderado
Usuario_367,Apartamento,PEN,10,6,0,34,8,729.7,Ineficiente
Usuario_368,Oficina,USD,10,0,1,36,9,1186.22,Ineficiente
Usuario_369,Apartamento,CLP,9,1,1,34,8,352.38,Eficiente
Usuario_370,Casa,PEN,4,5,1,6,9,253.09,Eficiente
Usuario_371,Comercio,BRL,1,3,1,27,8,885.84,Eficiente
Usuario_372,Casa,CLP,8,5,0,2,7,203.64,Eficiente
Usuario_373,Oficina,BRL,1,5,1,5,1,517.5,Eficiente
Usuario_374,Comercio,COP,12,0,1,4,2,1134.04,Ineficiente
Usuario_375,Comercio,USD,5,3,1,9,13,518.16,Eficiente
Usuario_376,Comercio,COP,7,3,0,25,7,998.7,Moderado
Usuario_377,Casa,PEN,11,6,1,23,2,732.99,Ineficiente
Usuario_378,Apartamento,CLP,7,4,1,15,1,219.33,Eficiente
Usuario_379,Casa,COP,8,5,0,28,9,852.5,Ineficiente
Usuario_380,Comercio,BRL,4,1,1,10,5,825.42,Eficiente
Usuario_381,Apartamento,PEN,2,0,0,27,10,342.08,Eficiente
Usuario_382,Casa,MXN,4,0,1,3,8,557.73,Ineficiente
Usuario_383,Casa,MXN,12,0,1,15,9,763.88,Ineficiente
Usuario_384,Apartamento,BRL,1,1,1,19,4,758.48,Ineficiente
Usuario_385,Oficina,CLP,10,6,0,21,4,802.64,Moderado
Usuario_386,Oficina,MXN,11,4,1,20,5,1065.24,Ineficiente
Usuario_387,Casa,CLP,10,5,0,28,9,455.66,Eficiente
Usuario_388,Comercio,USD,6,5,0,34,6,755.67,Eficiente
Usuario_389,Comercio,ARS,3,2,1,35,8,1455.96,Ineficiente
Usuario_390,Apartamento,BRL,4,2,0,10,13,506.46,Ineficiente
Usuario_391,Comercio,USD,9,3,0,36,9,1571.42,Ineficiente
Usuario_392,Apartamento,ARS,4,2,1,6,8,298.52,Moderado
Usuario_393,Oficina,USD,9,5,0,4,5,517.11,Eficiente
Usuario_394,Comercio,PEN,10,4,1,5,4,967.62,Ineficiente
Usuario_395,Apartamento,ARS,4,6,0,20,1,393.26,Eficiente
Usuario_396,Apartamento,MXN,12,0,0,31,4,947.43,Ineficiente
Usuario_397,Apartamento,ARS,4,4,1,19,7,596.78,Ineficiente
Usuario_398,Comercio,CLP,11,2,1,24,9,826.08,Moderado
Usuario_399,Comercio,ARS,2,6,0,31,13,1619.99,Ineficiente
Usuario_400,Oficina,MXN,6,2,1,37,4,1239.95,Ineficiente
Usuario_401,Apartamento,USD,5,4,0,38,12,368.44,Eficiente
Usuario_402,Comercio,COP,3,1,1,25,10,1419.91,Ineficiente
Usuario_403,Apartamento,ARS,9,5,0,22,5,481.45,Moderado
Usuario_404,Comercio,PEN,11,5,1,11,12,1067.85,Ineficiente
Usuario_405,Oficina,MXN,3,5,1,12,9,630.6,Moderado
Usuario_406,Casa,CLP,1,6,0,4,13,591.29,Ineficiente
Usuario_407,Casa,ARS,3,6,0,5,12,424.37,Moderado
Usuario_408,Apartamento,USD,4,4,1,4,10,153.93,Eficiente
Usuario_409,Comercio,PEN,8,0,1,36,7,1412.95,Ineficiente
Usuario_410,Casa,USD,9,5,1,19,1,347.03,Eficiente
Usuario_411,Comercio,BRL,3,0,0,34,3,1072.29,Eficiente
Usuario_412,Apartamento,MXN,10,4,1,23,5,720.16,Ineficiente
Usuario_413,Comercio,USD,6,3,1,16,12,1283.9,Ineficiente
Usuario_414,Apartamento,COP,11,6,0,3,2,300.63,Moderado
Usuario_415,Comercio,ARS,7,4,1,1,12,1103.26,Ineficiente
Usuario_416,Apartamento,USD,8,6,1,22,10,415.18,Ineficiente
Usuario_417,Casa,CLP,1,1,1,37,8,597.21,Moderado
Usuario_418,Oficina,USD,2,5,0,35,10,833.01,Moderado
Usuario_419,Casa,MXN,6,0,0,38,3,957.06,Moderado
Usuario_420,Comercio,USD,5,1,1,37,7,1346.97,Ineficiente
Usuario_421,Oficina,ARS,12,1,0,6,9,964.67,Ineficiente
Usuario_422,Oficina,USD,2,3,1,5,6,862.95,Ineficiente
Usuario_423,Comercio,BRL,6,0,0,29,8,773.04,Eficiente
Usuario_424,Apartamento,COP,9,3,1,38,11,602.15,Ineficiente
Usuario_425,Comercio,USD,10,2,0,5,2,486.59,Eficiente
Usuario_426,Oficina,MXN,7,5,0,10,12,881.75,Ineficiente
Usuario_427,Comercio,COP,6,0,1,20,8,940.5,Moderado
Usuario_428,Oficina,BRL,5,0,1,12,7,1064.01,Ineficiente
Usuario_429,Comercio,CLP,9,4,1,2,2,612.77,Moderado
Usuario_430,Oficina,CLP,2,4,1,21,7,495.77,Eficiente
Usuario_431,Casa,COP,7,3,0,36,4,572.39,Eficiente
Usuario_432,Apartamento,PEN,7,1,1,20,5,565.23,Ineficiente
Usuario_433,Comercio,MXN,2,1,1,27,5,1475.76,Ineficiente
Usuario_434,Comercio,BRL,2,2,1,16,12,801.13,Eficiente
Usuario_435,Comercio,CLP,10,1,1,9,5,475.32,Eficiente
Usuario_436,Casa,ARS,6,6,0,22,8,752.74,Ineficiente
Usuario_437,Oficina,ARS,11,4,1,21,10,494.35,Eficiente
Usuario_438,Apartamento,ARS,6,1,0,21,5,606.85,Ineficiente
Usuario_439,Comercio,CLP,4,2,1,26,6,1067.46,Ineficiente
Usuario_440,Casa,CLP,4,4,0,12,11,273.49,Eficiente
Usuario_441,Casa,PEN,8,5,1,19,12,326.6,Eficiente
Usuario_442,Casa,BRL,7,5,1,20,4,1116.68,Ineficiente
Usuario_443,Oficina,PEN,3,5,1,25,2,647.89,Moderado
Usuario_444,Comercio,CLP,8,4,1,33,12,842.13,Moderado
Usuario_445,Comercio,CLP,1,6,0,35,10,1433.0,Ineficiente
Usuario_446,Casa,USD,4,5,0,11,11,677.69,Ineficiente
Usuario_447,Casa,CLP,11,5,0,22,13,750.81,Ineficiente
Usuario_448,Comercio,USD,1,0,1,33,12,1500.36,Ineficiente
Usuario_449,Apartamento,ARS,6,3,1,38,12,562.72,Moderado
Usuario_450,Apartamento,COP,1,3,1,27,2,359.84,Eficiente
Usuario_451,Casa,BRL,12,1,1,22,8,999.64,Ineficiente
Usuario_452,Apartamento,CLP,8,2,1,29,12,471.24,Ineficiente
Usuario_453,Comercio,COP,2,2,1,8,1,944.88,Ineficiente
Usuario_454,Oficina,PEN,2,5,0,16,9,1033.49,Ineficiente
Usuario_455,Apartamento,CLP,3,2,1,30,4,294.44,Eficiente
Usuario_456,Comercio,PEN,3,1,0,28,7,959.11,Moderado
Usuario_457,Casa,PEN,10,1,1,28,7,333.37,Eficiente
Usuario_458,Casa,PEN,4,1,1,5,10,395.94,Ineficiente
Usuario_459,Casa,BRL,9,1,1,13,8,357.55,Eficiente
Usuario_460,Casa,COP,11,6,1,21,10,390.97,Eficiente
Usuario_461,Comercio,CLP,7,4,1,23,8,656.49,Eficiente
Usuario_462,Apartamento,BRL,11,5,0,38,2,785.5,Moderado
Usuario_463,Apartamento,COP,2,1,1,12,6,513.61,Ineficiente
Usuario_464,Apartamento,CLP,7,3,1,37,7,631.99,Ineficiente
Usuario_465,Comercio,MXN,8,5,1,12,9,1430.01,Ineficiente
Usuario_466,Apartamento,ARS,5,1,1,29,10,484.71,Moderado
Usuario_467,Casa,BRL,6,0,1,13,7,482.54,Eficiente
Usuario_468,Comercio,ARS,11,3,1,29,8,1505.61,Ineficiente
Usuario_469,Apartamento,USD,10,0,0,15,5,280.02,Eficiente
Usuario_470,Casa,COP,4,4,1,30,10,968.42,Ineficiente
Usuario_471,Comercio,CLP,9,0,1,18,13,464.99,Eficiente
Usuario_472,Oficina,CLP,1,6,0,35,4,1267.36,Ineficiente
Usuario_473,Comercio,USD,12,6,0,16,5,612.42,Eficiente
Usuario_474,Casa,ARS,5,2,0,6,8,652.82,Ineficiente
Usuario_475,Casa,BRL,4,1,0,38,12,885.02,Moderado
Usuario_476,Oficina,BRL,12,4,0,11,10,1292.6,Ineficiente
Usuario_477,Apartamento,BRL,4,6,1,4,10,203.76,Eficiente
Usuario_478,Oficina,CLP,5,4,1,21,12,693.7,Ineficiente
Usuario_479,Oficina,COP,10,2,0,33,11,1258.89,Ineficiente
Usuario_480,Casa,MXN,7,0,0,9,12,626.8,Ineficiente
Usuario_481,Apartamento,MXN,3,5,1,16,13,492.01,Ineficiente
Usuario_482,Comercio,ARS,3,4,0,27,7,1305.6,Moderado
Usuario_483,Comercio,USD,11,6,0,6,7,788.8,Moderado
Usuario_484,Oficina,PEN,6,3,0,21,10,779.01,Ineficiente
Usuario_485,Casa,BRL,12,0,0,30,11,964.27,Ineficiente
Usuario_486,Oficina,BRL,2,6,1,14,7,1267.82,Ineficiente
Usuario_487,Apartamento,ARS,5,2,0,22,9,281.16,Eficiente
Usuario_488,Apartamento,CLP,8,6,1,4,1,199.8,Eficiente
Usuario_489,Casa,PEN,8,0,1,11,8,645.13,Ineficiente
Usuario_490,Comercio,USD,7,1,0,9,11,1323.06,Ineficiente
Usuario_491,Oficina,MXN,5,0,0,17,2,772.11,Moderado
Usuario_492,Oficina,PEN,11,1,1,20,12,765.02,Ineficiente
Usuario_493,Apartamento,ARS,11,0,0,1,4,220.05,Eficiente
Usuario_494,Comercio,USD,3,4,1,29,1,734.53,Eficiente
Usuario_495,Casa,PEN,6,6,1,28,12,580.03,Ineficiente
Usuario_496,Apartamento,ARS,2,1,1,7,2,332.85,Moderado
Usuario_497,Oficina,COP,5,1,1,9,11,710.9,Ineficiente
Usuario_498,Apartamento,USD,9,4,1,11,8,208.74,Eficiente
Usuario_499,Oficina,PEN,4,5,0,27,10,1070.9,Ineficiente
Usuario_500,Comercio,BRL,4,0,0,9,13,1469.47,Ineficiente
Usuario_501,Casa,CLP,12,3,1,28,6,771.22,Ineficiente
Usuario_502,Apartamento,MXN,5,5,1,36,10,663.71,Ineficiente
Usuario_503,Oficina,BRL,12,0,0,20,4,828.4,Eficiente
Usuario_504,Apartamento,PEN,7,2,0,16,8,537.51,Ineficiente
Usuario_505,Comercio,USD,4,3,0,5,9,950.7,Ineficiente
Usuario_506,Casa,COP,6,1,1,37,7,517.28,Eficiente
Usuario_507,Oficina,CLP,11,1,0,5,1,734.31,Ineficiente
Usuario_508,Casa,USD,5,1,1,4,13,543.41,Ineficiente
Usuario_509,Comercio,CLP,5,5,0,27,7,1277.66,Ineficiente
Usuario_510,Comercio,USD,11,4,1,10,5,1034.06,Ineficiente
Usuario_511,Casa,COP,2,4,0,10,9,630.04,Ineficiente
Usuario_512,Oficina,ARS,10,5,0,5,5,604.84,Eficiente
Usuario_513,Comercio,PEN,4,0,1,28,2,1345.43,Ineficiente
Usuario_514,Comercio,CLP,10,0,1,12,2,1050.29,Ineficiente
Usuario_515,Casa,PEN,3,5,1,32,6,371.45,Eficiente
Usuario_516,Oficina,MXN,6,1,0,18,12,463.89,Eficiente
Usuario_517,Casa,BRL,1,2,0,18,9,665.67,Moderado
Usuario_518,Casa,COP,12,4,0,32,8,1032.17,Ineficiente
Usuario_519,Oficina,USD,8,6,1,24,3,1098.4,Ineficiente
Usuario_520,Oficina,BRL,2,4,0,8,4,584.06,Eficiente
Usuario_521,Casa,USD,1,1,1,24,7,744.3,Ineficiente
Usuario_522,Apartamento,MXN,1,4,0,27,4,565.59,Moderado
Usuario_523,Oficina,MXN,7,5,1,5,10,1121.15,Ineficiente
Usuario_524,Oficina,USD,9,5,0,12,4,859.5,Ineficiente
Usuario_525,Casa,ARS,2,3,0,20,6,927.94,Ineficiente
Usuario_526,Casa,CLP,8,0,1,19,10,482.84,Ineficiente
Usuario_527,Oficina,PEN,10,1,1,38,8,775.12,Moderado
Usuario_528,Apartamento,PEN,9,6,0,10,1,248.92,Eficiente
Usuario_529,Comercio,USD,4,4,1,1,6,464.71,Eficiente
Usuario_530,Casa,BRL,11,3,0,20,2,896.41,Ineficiente
Usuario_531,Apartamento,CLP,4,3,1,4,3,320.45,Ineficiente
Usuario_532,Oficina,USD,1,1,0,34,7,1420.23,Ineficiente
Usuario_533,Oficina,ARS,12,0,1,33,3,1543.09,Ineficiente
Usuario_534,Comercio,USD,10,4,1,9,4,891.99,Moderado
Usuario_535,Oficina,COP,6,6,1,21,6,960.21,Ineficiente
Usuario_536,Comercio,COP,4,0,0,9,13,1252.19,Ineficiente
Usuario_537,Casa,MXN,2,1,1,21,7,993.09,Ineficiente
Usuario_538,Casa,CLP,6,6,1,20,8,388.93,Eficiente
Usuario_539,Oficina,BRL,2,0,1,20,12,956.84,Ineficiente
Usuario_540,Casa,MXN,6,1,1,16,6,400.82,Eficiente
Usuario_541,Comercio,CLP,1,5,1,12,1,1280.32,Ineficiente
Usuario_542,Comercio,BRL,8,4,0,16,2,1198.46,Moderado
Usuario_543,Comercio,USD,3,0,1,15,3,679.49,Eficiente
Usuario_544,Apartamento,BRL,7,2,0,6,10,470.33,Ineficiente
Usuario_545,Oficina,BRL,2,0,0,13,11,1015.33,Ineficiente
Usuario_546,Comercio,BRL,3,0,0,22,2,1007.22,Eficiente
Usuario_547,Casa,ARS,1,1,0,28,12,518.12,Eficiente
Usuario_548,Comercio,ARS,1,3,0,12,6,1280.4,Ineficiente
Usuario_549,Apartamento,MXN,5,2,1,10,1,386.51,Moderado
Usuario_550,Apartamento,PEN,5,3,1,36,8,662.28,Ineficiente
Usuario_551,Casa,USD,5,3,1,13,11,508.55,Ineficiente
Usuario_552,Apartamento,PEN,9,6,1,25,13,579.42,Ineficiente
Usuario_553,Oficina,ARS,9,6,1,37,9,1008.61,Ineficiente
Usuario_554,Oficina,ARS,5,1,1,39,4,1036.95,Moderado
Usuario_555,Casa,BRL,5,0,0,31,9,1059.65,Ineficiente
Usuario_556,Oficina,BRL,10,1,0,7,4,669.52,Eficiente
Usuario_557,Apartamento,COP,9,6,0,4,13,194.22,Eficiente
Usuario_558,Apartamento,CLP,7,2,0,12,3,205.65,Eficiente
Usuario_559,Apartamento,CLP,6,6,0,23,10,492.73,Ineficiente
Usuario_560,Casa,PEN,12,2,0,37,3,861.24,Ineficiente
Usuario_561,Apartamento,BRL,8,4,1,32,1,744.89,Ineficiente
Usuario_562,Casa,USD,4,4,1,34,8,505.66,Eficiente
Usuario_563,Casa,COP,10,1,0,22,12,406.7,Eficiente
Usuario_564,Apartamento,BRL,6,0,1,38,12,386.43,Eficiente
Usuario_565,Apartamento,BRL,2,6,1,24,2,540.47,Moderado
Usuario_566,Oficina,PEN,11,3,1,22,5,764.17,Ineficiente
Usuario_567,Oficina,MXN,3,5,0,32,11,862.66,Moderado
Usuario_568,Oficina,MXN,12,4,0,23,4,938.49,Moderado
Usuario_569,Apartamento,ARS,5,5,0,9,3,483.14,Ineficiente
Usuario_570,Casa,PEN,10,3,0,37,1,581.94,Eficiente
Usuario_571,Apartamento,CLP,6,6,0,15,11,340.88,Moderado
Usuario_572,Casa,ARS,3,2,0,16,6,727.52,Ineficiente
Usuario_573,Oficina,MXN,11,0,0,22,8,774.71,Eficiente
Usuario_574,Casa,COP,4,1,0,23,5,685.22,Moderado
Usuario_575,Casa,PEN,1,0,1,27,3,904.26,Ineficiente
Usuario_576,Comercio,ARS,7,2,1,7,8,1481.87,Ineficiente
Usuario_577,Apartamento,MXN,8,0,0,3,5,209.63,Eficiente
Usuario_578,Casa,COP,5,0,1,11,7,702.08,Ineficiente
Usuario_579,Apartamento,PEN,2,4,0,6,6,319.76,Moderado
Usuario_580,Comercio,PEN,1,3,0,11,10,738.85,Moderado
Usuario_581,Comercio,MXN,1,0,1,13,7,1126.17,Ineficiente
Usuario_582,Oficina,PEN,5,2,1,4,7,798.55,Ineficiente
Usuario_583,Comercio,MXN,1,2,1,6,5,1080.85,Ineficiente
Usuario_584,Comercio,MXN,2,0,1,19,2,1046.49,Moderado
Usuario_585,Comercio,BRL,2,2,0,31,8,1613.58,Ineficiente
Usuario_586,Oficina,USD,11,4,1,24,7,581.38,Eficiente
Usuario_587,Oficina,MXN,8,0,1,30,5,575.16,Eficiente
Usuario_588,Apartamento,BRL,5,4,1,7,2,241.4,Eficiente
Usuario_589,Oficina,BRL,9,3,0,38,4,702.42,Eficiente
Usuario_590,Casa,BRL,7,6,1,35,11,653.7,Moderado
Usuario_591,Comercio,CLP,4,3,1,26,12,603.77,Eficiente
Usuario_592,Casa,CLP,10,4,0,10,2,480.22,Moderado
Usuario_593,Comercio,MXN,3,1,0,9,1,694.15,Eficiente
Usuario_594,Comercio,USD,11,3,1,10,10,737.62,Moderado
Usuario_595,Oficina,COP,12,6,1,25,9,1265.16,Ineficiente
Usuario_596,Comercio,CLP,6,6,1,30,1,908.57,Moderado
Usuario_597,Comercio,USD,7,1,1,38,10,1463.52,Ineficiente
Usuario_598,Casa,USD,10,6,1,19,9,387.7,Eficiente
Usuario_599,Oficina,ARS,5,3,0,37,10,693.73,Eficiente
Usuario_600,Comercio,USD,3,2,1,39,11,648.56,Eficiente
Usuario_601,Comercio,USD,7,2,0,4,12,647.29,Eficiente
Usuario_602,Comercio,COP,6,0,1,20,5,793.37,Eficiente
Usuario_603,Oficina,BRL,8,6,0,7,4,518.42,Eficiente
Usuario_604,Apartamento,COP,12,3,0,21,5,322.66,Eficiente
Usuario_605,Comercio,CLP,11,0,1,14,7,526.64,Eficiente
Usuario_606,Comercio,BRL,9,6,1,4,9,931.79,Ineficiente
Usuario_607,Apartamento,USD,5,5,1,9,13,235.45,Moderado
Usuario_608,Casa,MXN,4,6,1,4,4,423.6,Moderado
Usuario_609,Casa,ARS,1,2,0,18,6,689.54,Moderado
Usuario_610,Comercio,CLP,7,5,0,2,4,956.26,Ineficiente
Usuario_611,Oficina,ARS,10,3,1,31,10,526.03,Eficiente
Usuario_612,Oficina,COP,3,6,0,6,5,805.22,Ineficiente
Usuario_613,Casa,ARS,1,1,0,14,4,717.62,Ineficiente
Usuario_614,Apartamento,PEN,4,2,0,33,1,313.47,Eficiente
Usuario_615,Casa,ARS,3,5,1,1,4,580.3,Ineficiente
Usuario_616,Oficina,CLP,5,5,0,18,7,881.5,Ineficiente
Usuario_617,Comercio,BRL,6,3,1,30,5,745.7,Eficiente
Usuario_618,Comercio,CLP,2,0,1,24,9,809.55,Moderado
Usuario_619,Oficina,COP,11,0,1,22,5,998.12,Ineficiente
Usuario_620,Oficina,BRL,5,2,0,20,4,1067.82,Moderado
Usuario_621,Apartamento,CLP,4,0,0,39,7,375.63,Eficiente
Usuario_622,Oficina,PEN,3,5,1,32,5,581.27,Eficiente
Usuario_623,Oficina,ARS,7,3,0,38,12,987.03,Moderado
Usuario_624,Apartamento,COP,12,5,1,35,11,654.78,Ineficiente
Usuario_625,Comercio,PEN,6,4,1,11,11,911.99,Ineficiente
Usuario_626,Apartamento,COP,2,3,1,17,12,416.51,Ineficiente
Usuario_627,Apartamento,PEN,6,5,1,23,4,407.8,Moderado
Usuario_628,Oficina,ARS,6,2,1,19,8,966.41,Ineficiente
Usuario_629,Casa,ARS,1,6,0,38,10,526.73,Eficiente
Usuario_630,Casa,ARS,4,4,1,25,9,515.72,Moderado
Usuario_631,Oficina,ARS,1,6,0,9,4,950.31,Ineficiente
Usuario_632,Oficina,ARS,10,3,1,12,13,980.26,Ineficiente
Usuario_633,Casa,ARS,6,5,0,21,11,633.43,Moderado
Usuario_634,Casa,USD,8,2,1,11,10,495.87,Ineficiente
Usuario_635,Apartamento,ARS,2,1,0,28,7,397.19,Eficiente
Usuario_636,Comercio,ARS,7,0,1,13,12,1065.28,Ineficiente
Usuario_637,Oficina,USD,6,6,0,13,1,684.1,Moderado
Usuario_638,Casa,PEN,12,1,1,23,5,491.49,Moderado
Usuario_639,Apartamento,USD,7,4,1,11,2,307.89,Moderado
Usuario_640,Casa,COP,5,3,0,39,9,679.31,Moderado
Usuario_641,Oficina,ARS,11,1,1,32,6,515.65,Eficiente
Usuario_642,Apartamento,MXN,7,0,1,9,4,356.08,Moderado
Usuario_643,Casa,CLP,9,1,1,3,7,273.13,Eficiente
Usuario_644,Oficina,BRL,9,4,1,4,11,592.11,Moderado
Usuario_645,Casa,PEN,1,0,0,27,8,445.07,Eficiente
Usuario_646,Comercio,USD,9,2,1,10,4,1162.61,Ineficiente
Usuario_647,Casa,COP,7,5,1,34,5,896.47,Ineficiente
Usuario_648,Apartamento,ARS,2,4,0,8,5,459.53,Ineficiente
Usuario_649,Casa,BRL,2,3,1,13,13,870.34,Ineficiente
Usuario_650,Oficina,BRL,9,1,1,27,5,943.78,Moderado
Usuario_651,Apartamento,USD,9,3,0,31,6,321.48,Eficiente
Usuario_652,Apartamento,USD,1,5,1,8,10,371.38,Ineficiente
Usuario_653,Comercio,MXN,2,6,1,7,5,1186.62,Ineficiente
Usuario_654,Apartamento,ARS,5,2,1,7,3,408.48,Ineficiente
Usuario_655,Casa,BRL,5,2,0,21,7,641.28,Eficiente
Usuario_656,Casa,USD,1,0,0,11,6,366.48,Eficiente
Usuario_657,Oficina,ARS,10,2,0,6,6,532.74,Eficiente
Usuario_658,Oficina,MXN,2,3,1,30,5,942.52,Moderado
Usuario_659,Comercio,PEN,8,6,1,11,2,932.69,Ineficiente
Usuario_660,Apartamento,PEN,12,0,0,11,2,393.96,Moderado
Usuario_661,Comercio,CLP,8,6,1,29,3,801.97,Moderado
Usuario_662,Comercio,BRL,6,4,1,9,8,1469.75,Ineficiente
Usuario_663,Comercio,USD,7,3,1,17,11,1159.23,Ineficiente
Usuario_664,Oficina,USD,12,6,0,37,12,766.4,Moderado
Usuario_665,Apartamento,PEN,6,4,1,7,7,184.01,Eficiente
Usuario_666,Apartamento,ARS,6,5,0,25,3,347.82,Eficiente
Usuario_667,Casa,USD,11,1,1,31,8,505.88,Eficiente
Usuario_668,Apartamento,USD,8,2,1,18,1,276.89,Eficiente
Usuario_669,Apartamento,CLP,11,3,1,16,2,246.35,Eficiente
Usuario_670,Comercio,ARS,10,3,1,32,8,930.77,Eficiente
Usuario_671,Oficina,USD,8,5,0,7,7,430.0,Eficiente
Usuario_672,Comercio,USD,9,4,1,6,13,1119.58,Ineficiente
Usuario_673,Oficina,CLP,9,1,0,30,6,453.04,Eficiente
Usuario_674,Oficina,BRL,1,6,1,30,6,1148.35,Ineficiente
Usuario_675,Comercio,PEN,11,2,0,8,2,733.35,Eficiente
Usuario_676,Apartamento,USD,6,2,0,19,9,588.64,Ineficiente
Usuario_677,Oficina,PEN,2,0,0,32,3,588.09,Eficiente
Usuario_678,Comercio,USD,5,4,1,8,7,762.36,Moderado
Usuario_679,Apartamento,ARS,4,5,1,27,1,752.72,Ineficiente
Usuario_680,Casa,BRL,8,3,0,33,3,1079.79,Ineficiente
Usuario_681,Comercio,USD,9,5,1,28,10,1309.37,Ineficiente
Usuario_682,Comercio,CLP,3,5,1,9,2,596.07,Eficiente
Usuario_683,Comercio,PEN,10,4,0,33,7,705.98,Eficiente
Usuario_684,Comercio,CLP,12,6,1,26,6,1192.25,Ineficiente
Usuario_685,Oficina,ARS,3,1,1,33,5,1285.29,Ineficiente
Usuario_686,Oficina,PEN,12,4,0,13,4,763.31,Moderado
Usuario_687,Oficina,PEN,6,5,1,12,9,663.37,Ineficiente
Usuario_688,Oficina,PEN,2,6,1,31,10,719.11,Moderado
Usuario_689,Comercio,PEN,12,6,1,28,13,1382.46,Ineficiente
Usuario_690,Casa,CLP,2,0,1,4,11,311.17,Moderado
Usuario_691,Casa,MXN,5,6,0,19,11,533.24,Moderado
Usuario_692,Oficina,MXN,1,5,0,14,13,829.96,Ineficiente
Usuario_693,Casa,COP,8,0,0,36,4,741.99,Moderado
Usuario_694,Comercio,MXN,9,6,0,19,12,825.39,Eficiente
Usuario_695,Casa,ARS,7,3,0,21,9,468.41,Eficiente
Usuario_696,Casa,USD,12,2,1,29,4,810.27,Ineficiente
Usuario_697,Oficina,BRL,10,4,0,13,13,644.08,Eficiente
Usuario_698,Apartamento,COP,8,1,0,5,3,322.48,Moderado
Usuario_699,Apartamento,PEN,9,0,1,28,5,318.19,Eficiente
Usuario_700,Oficina,MXN,3,4,0,1,6,631.6,Moderado
Usuario_701,Comercio,PEN,3,0,1,21,10,933.93,Ineficiente
Usuario_702,Casa,BRL,11,4,0,20,8,398.92,Eficiente
Usuario_703,Oficina,USD,12,2,1,12,9,641.95,Ineficiente
Usuario_704,Casa,BRL,9,1,1,35,7,555.22,Eficiente
Usuario_705,Casa,COP,4,1,0,22,6,366.38,Eficiente
Usuario_706,Oficina,MXN,10,4,1,36,13,1440.82,Ineficiente
Usuario_707,Casa,USD,11,2,1,16,1,440.89,Moderado
Usuario_708,Oficina,ARS,2,3,1,19,1,1162.84,Ineficiente
Usuario_709,Oficina,CLP,9,3,1,19,11,501.5,Moderado
Usuario_710,Apartamento,COP,9,0,0,11,13,414.44,Ineficiente
Usuario_711,Casa,PEN,2,1,0,14,11,686.55,Ineficiente
Usuario_712,Comercio,BRL,2,1,1,28,11,1524.58,Ineficiente
Usuario_713,Casa,PEN,11,1,1,22,1,535.47,Moderado
Usuario_714,Casa,USD,1,1,0,36,2,742.39,Moderado
Usuario_715,Apartamento,COP,7,3,1,26,7,490.38,Moderado
Usuario_716,Oficina,USD,7,5,1,1,11,893.55,Ineficiente
Usuario_717,Casa,BRL,12,4,1,5,6,769.96,Ineficiente
Usuario_718,Casa,COP,11,2,0,19,13,824.93,Ineficiente
Usuario_719,Comercio,ARS,7,6,0,31,3,868.59,Eficiente
Usuario_720,Apartamento,MXN,12,3,0,35,5,880.04,Ineficiente
Usuario_721,Apartamento,COP,11,6,0,24,1,665.49,Ineficiente
Usuario_722,Apartamento,USD,1,0,1,26,9,384.52,Moderado
Usuario_723,Casa,COP,4,5,0,23,4,373.7,Eficiente
Usuario_724,Comercio,PEN,9,1,1,15,10,1044.73,Ineficiente
Usuario_725,Oficina,MXN,2,1,0,37,1,1236.38,Ineficiente
Usuario_726,Comercio,PEN,9,0,1,5,5,1013.61,Ineficiente
Usuario_727,Casa,MXN,12,4,1,22,6,514.61,Eficiente
Usuario_728,Apartamento,PEN,11,1,1,5,4,344.63,Ineficiente
Usuario_729,Oficina,ARS,8,2,0,20,12,581.98,Eficiente
Usuario_730,Apartamento,CLP,10,2,0,28,3,305.16,Eficiente
Usuario_731,Casa,COP,4,6,1,28,5,460.62,Eficiente
Usuario_732,Oficina,MXN,11,5,1,31,8,1216.82,Ineficiente
Usuario_733,Comercio,COP,5,3,1,12,11,1057.45,Ineficiente
Usuario_734,Casa,BRL,5,6,0,35,4,849.04,Moderado
Usuario_735,Oficina,PEN,11,0,0,2,9,470.02,Moderado
Usuario_736,Casa,BRL,10,4,1,38,4,1159.31,Ineficiente
Usuario_737,Casa,CLP,5,4,0,35,8,562.72,Eficiente
Usuario_738,Apartamento,COP,7,1,0,38,12,896.32,Ineficiente
Usuario_739,Oficina,MXN,8,4,1,26,6,846.06,Moderado
Usuario_740,Casa,PEN,4,6,0,11,13,406.51,Moderado
Usuario_741,Apartamento,ARS,3,1,1,37,11,603.18,Moderado
Usuario_742,Apartamento,PEN,12,3,0,3,4,240.28,Eficiente
Usuario_743,Comercio,MXN,2,2,1,3,11,1290.32,Ineficiente
Usuario_744,Apartamento,CLP,6,3,1,30,1,456.53,Moderado
Usuario_745,Casa,PEN,6,0,0,34,11,491.75,Eficiente
Usuario_746,Oficina,BRL,12,2,1,37,3,1647.25,Ineficiente
Usuario_747,Comercio,PEN,7,2,1,5,9,795.43,Ineficiente
Usuario_748,Oficina,ARS,4,4,1,23,8,860.41,Moderado
Usuario_749,Comercio,CLP,1,4,0,29,3,1453.17,Ineficiente
Usuario_750,Apartamento,USD,9,5,1,10,3,367.27,Ineficiente
Usuario_751,Apartamento,COP,10,5,0,15,7,255.93,Eficiente
Usuario_752,Oficina,PEN,2,3,0,31,4,1258.34,Ineficiente
Usuario_753,Apartamento,PEN,7,0,1,9,10,391.65,Ineficiente
Usuario_754,Apartamento,MXN,11,4,1,37,3,554.77,Moderado
Usuario_755,Casa,MXN,5,1,1,26,10,474.39,Eficiente
Usuario_756,Casa,PEN,12,5,0,6,4,606.14,Ineficiente
Usuario_757,Comercio,CLP,8,6,1,15,7,900.41,Ineficiente
Usuario_758,Apartamento,BRL,10,6,0,33,5,658.31,Moderado
Usuario_759,Apartamento,PEN,11,2,0,39,10,755.01,Ineficiente
Usuario_760,Casa,MXN,7,3,1,2,4,672.13,Ineficiente
Usuario_761,Comercio,BRL,3,4,1,31,10,855.11,Eficiente
Usuario_762,Casa,BRL,9,4,0,6,8,435.44,Eficiente
Usuario_763,Apartamento,CLP,9,6,1,28,9,339.06,Moderado
Usuario_764,Comercio,COP,1,5,1,15,13,1330.71,Ineficiente
Usuario_765,Comercio,BRL,7,2,1,37,2,870.78,Eficiente
Usuario_766,Comercio,MXN,5,3,0,6,5,1006.34,Moderado
Usuario_767,Comercio,COP,4,0,0,1,10,1012.85,Ineficiente
Usuario_768,Casa,CLP,1,3,0,21,7,791.74,Ineficiente
Usuario_769,Oficina,USD,3,3,0,17,5,599.16,Eficiente
Usuario_770,Comercio,CLP,6,4,1,26,13,1161.45,Ineficiente
Usuario_771,Apartamento,ARS,9,6,1,12,6,247.02,Eficiente
Usuario_772,Comercio,COP,5,4,1,26,12,1379.05,Ineficiente
Usuario_773,Apartamento,BRL,11,0,0,29,13,394.59,Eficiente
Usuario_774,Apartamento,USD,4,4,1,22,13,394.93,Moderado
Usuario_775,Casa,MXN,7,5,1,6,3,735.47,Ineficiente
Usuario_776,Comercio,CLP,7,0,1,15,6,636.45,Eficiente
Usuario_777,Casa,CLP,1,5,1,26,10,478.92,Moderado
Usuario_778,Oficina,PEN,10,0,0,12,11,748.66,Ineficiente
Usuario_779,Comercio,ARS,1,1,0,34,5,1623.09,Ineficiente
Usuario_780,Apartamento,USD,10,4,1,15,10,421.99,Ineficiente
Usuario_781,Apartamento,PEN,1,2,1,1,3,322.31,Ineficiente
Usuario_782,Casa,COP,7,2,0,26,10,769.95,Ineficiente
Usuario_783,Apartamento,CLP,1,5,0,6,9,236.27,Moderado
Usuario_784,Oficina,PEN,9,4,1,18,4,578.58,Moderado
Usuario_785,Apartamento,ARS,7,4,1,12,7,312.44,Eficiente
Usuario_786,Casa,CLP,2,4,1,8,13,646.36,Ineficiente
Usuario_787,Oficina,CLP,10,2,0,25,10,745.54,Moderado
Usuario_788,Comercio,BRL,4,6,1,30,11,1128.96,Moderado
Usuario_789,Comercio,CLP,1,3,1,5,7,813.39,Ineficiente
Usuario_790,Apartamento,PEN,12,1,0,27,6,737.02,Ineficiente
Usuario_791,Casa,PEN,5,1,1,26,11,399.35,Eficiente
Usuario_792,Oficina,USD,9,1,1,23,4,811.38,Ineficiente
Usuario_793,Oficina,MXN,12,5,0,13,8,883.37,Moderado
Usuario_794,Apartamento,MXN,12,1,0,14,4,531.91,Ineficiente
Usuario_795,Apartamento,BRL,4,6,0,10,13,222.52,Eficiente
Usuario_796,Casa,USD,2,5,0,32,10,1025.92,Ineficiente
Usuario_797,Casa,BRL,9,0,0,24,10,996.49,Ineficiente
Usuario_798,Oficina,ARS,10,6,1,12,13,763.86,Ineficiente
Usuario_799,Oficina,ARS,4,6,1,4,9,758.8,Ineficiente
Usuario_800,Comercio,ARS,9,0,1,26,11,1520.67,Ineficiente
Usuario_801,Apartamento,ARS,2,5,1,21,12,641.62,Ineficiente
Usuario_802,Casa,USD,11,1,1,7,6,305.53,Eficiente
Usuario_803,Oficina,CLP,5,1,1,16,5,664.84,Ineficiente
Usuario_804,Comercio,CLP,6,2,1,28,4,1003.5,Ineficiente
Usuario_805,Comercio,PEN,6,2,0,18,8,821.15,Eficiente
Usuario_806,Apartamento,CLP,3,4,0,7,12,331.97,Ineficiente
Usuario_807,Oficina,BRL,4,4,1,25,4,1288.87,Ineficiente
Usuario_808,Apartamento,BRL,12,1,1,1,3,480.0,Ineficiente
Usuario_809,Comercio,ARS,3,6,0,35,12,1132.8,Moderado
Usuario_810,Oficina,BRL,8,2,1,37,1,681.28,Eficiente
Usuario_811,Comercio,USD,12,1,1,17,8,1523.67,Ineficiente
Usuario_812,Casa,ARS,12,2,1,24,9,986.55,Ineficiente
Usuario_813,Oficina,COP,1,3,1,39,4,710.52,Eficiente
Usuario_814,Apartamento,BRL,5,2,1,33,8,883.3,Ineficiente
Usuario_815,Comercio,USD,7,4,1,10,3,1318.5,Ineficiente
Usuario_816,Oficina,ARS,11,4,1,5,2,664.59,Moderado
Usuario_817,Apartamento,COP,4,2,1,19,12,465.31,Ineficiente
Usuario_818,Oficina,CLP,11,3,1,29,13,658.14,Moderado
Usuario_819,Oficina,PEN,10,4,0,27,3,445.37,Eficiente
Usuario_820,Apartamento,BRL,1,1,0,17,12,459.44,Moderado
Usuario_821,Casa,MXN,3,3,1,5,8,629.18,Ineficiente
Usuario_822,Casa,USD,7,4,0,6,2,276.74,Eficiente
Usuario_823,Oficina,CLP,3,0,0,25,5,588.1,Eficiente
Usuario_824,Apartamento,MXN,12,2,1,9,3,385.46,Moderado
Usuario_825,Apartamento,USD,1,5,1,21,8,507.51,Ineficiente
Usuario_826,Comercio,BRL,9,2,1,9,12,1407.99,Ineficiente
Usuario_827,Apartamento,CLP,10,3,0,37,7,439.48,Eficiente
Usuario_828,Oficina,COP,8,4,1,6,8,544.88,Moderado
Usuario_829,Oficina,COP,7,2,1,1,1,820.44,Ineficiente
Usuario_830,Apartamento,COP,5,3,1,32,13,525.9,Moderado
Usuario_831,Comercio,COP,1,6,1,19,10,848.35,Moderado
Usuario_832,Apartamento,BRL,1,4,1,27,9,633.23,Ineficiente
Usuario_833,Comercio,ARS,4,1,0,25,7,733.45,Eficiente
Usuario_834,Apartamento,COP,2,3,0,34,13,461.24,Eficiente
Usuario_835,Oficina,COP,11,5,1,18,7,742.72,Moderado
Usuario_836,Apartamento,BRL,2,1,1,8,11,399.34,Ineficiente
Usuario_837,Comercio,CLP,8,2,0,32,4,1303.37,Ineficiente
Usuario_838,Oficina,USD,3,0,0,2,3,496.6,Eficiente
Usuario_839,Casa,COP,5,1,0,1,4,443.78,Moderado
Usuario_840,Casa,MXN,1,3,1,27,5,922.39,Ineficiente
Usuario_841,Comercio,COP,8,5,0,22,2,563.92,Eficiente
Usuario_842,Apartamento,USD,5,6,1,35,8,631.77,Ineficiente
Usuario_843,Apartamento,MXN,5,6,1,1,2,204.0,Eficiente
Usuario_844,Apartamento,ARS,8,1,0,3,4,418.99,Ineficiente
Usuario_845,Comercio,PEN,2,4,0,14,8,664.15,Eficiente
Usuario_846,Comercio,PEN,5,2,1,3,12,697.86,Moderado
Usuario_847,Casa,COP,8,5,1,24,1,390.03,Eficiente
Usuario_848,Apartamento,USD,4,5,1,1,3,364.09,Ineficiente
Usuario_849,Oficina,CLP,2,3,0,1,1,579.51,Moderado
Usuario_850,Comercio,PEN,10,1,1,6,4,849.44,Ineficiente
Usuario_851,Apartamento,ARS,2,5,0,4,1,212.65,Eficiente
Usuario_852,Oficina,PEN,3,5,1,7,3,713.05,Ineficiente
Usuario_853,Comercio,MXN,6,4,0,23,13,823.35,Eficiente
Usuario_854,Comercio,PEN,4,0,0,23,12,1258.07,Ineficiente
Usuario_855,Apartamento,COP,1,3,0,36,5,493.88,Eficiente
Usuario_856,Comercio,MXN,10,1,1,21,12,789.26,Eficiente
Usuario_857,Comercio,COP,10,6,1,5,9,494.6,Eficiente
Usuario_858,Apartamento,ARS,5,6,1,24,8,485.86,Moderado
Usuario_859,Casa,BRL,11,4,1,12,1,623.42,Moderado
Usuario_860,Oficina,BRL,10,1,1,5,11,431.38,Eficiente
Usuario_861,Comercio,MXN,9,5,1,36,3,1562.87,Ineficiente
Usuario_862,Oficina,COP,7,5,1,7,9,707.15,Ineficiente
Usuario_863,Casa,USD,3,1,0,13,2,510.47,Moderado
Usuario_864,Comercio,MXN,2,0,1,25,11,1238.77,Ineficiente
Usuario_865,Comercio,CLP,10,5,1,4,6,659.3,Moderado
Usuario_866,Apartamento,CLP,12,0,1,14,11,398.48,Ineficiente
Usuario_867,Comercio,BRL,2,3,0,4,6,762.91,Eficiente
Usuario_868,Comercio,BRL,6,6,0,18,9,791.94,Eficiente
Usuario_869,Casa,PEN,2,6,1,14,9,737.81,Ineficiente
Usuario_870,Casa,USD,12,1,1,13,4,807.23,Ineficiente
Usuario_871,Apartamento,CLP,11,1,1,36,7,445.0,Moderado
Usuario_872,Casa,BRL,11,4,1,30,12,616.49,Moderado
Usuario_873,Comercio,USD,3,6,1,26,9,1129.55,Ineficiente
Usuario_874,Oficina,PEN,3,4,0,29,6,701.47,Eficiente
Usuario_875,Oficina,CLP,6,6,1,28,12,407.5,Eficiente
Usuario_876,Oficina,CLP,4,4,1,25,13,476.38,Eficiente
Usuario_877,Oficina,COP,8,3,0,1,12,701.94,Ineficiente
Usuario_878,Casa,COP,10,0,1,20,1,674.15,Ineficiente
Usuario_879,Oficina,MXN,4,6,1,18,9,464.43,Eficiente
Usuario_880,Apartamento,USD,1,3,1,9,5,276.02,Moderado
Usuario_881,Oficina,CLP,4,1,1,20,2,493.66,Eficiente
Usuario_882,Comercio,CLP,4,5,1,21,13,993.6,Ineficiente
Usuario_883,Comercio,MXN,8,6,0,37,2,709.82,Eficiente
Usuario_884,Oficina,USD,12,6,1,6,13,443.73,Moderado
Usuario_885,Casa,BRL,6,2,0,28,7,964.26,Ineficiente
Usuario_886,Casa,BRL,4,5,0,39,1,618.48,Eficiente
Usuario_887,Comercio,USD,5,4,1,35,10,1227.69,Ineficiente
Usuario_888,Apartamento,COP,9,5,1,4,11,221.78,Moderado
Usuario_889,Comercio,ARS,10,4,1,15,7,630.9,Eficiente
Usuario_890,Oficina,BRL,7,1,1,6,8,637.64,Moderado
Usuario_891,Casa,CLP,7,2,1,33,7,840.29,Ineficiente
Usuario_892,Apartamento,BRL,3,3,1,32,7,831.49,Ineficiente
Usuario_893,Apartamento,CLP,10,5,1,16,2,447.94,Ineficiente
Usuario_894,Oficina,BRL,7,2,0,37,2,1095.39,Moderado
Usuario_895,Casa,PEN,7,3,1,13,6,628.96,Ineficiente
Usuario_896,Oficina,CLP,11,0,0,11,6,426.0,Eficiente
Usuario_897,Comercio,CLP,3,3,1,15,4,659.14,Eficiente
Usuario_898,Oficina,MXN,12,6,1,4,4,1052.78,Ineficiente
Usuario_899,Apartamento,BRL,5,0,1,8,5,208.91,Eficiente
Usuario_900,Comercio,ARS,1,2,1,35,4,849.82,Eficiente
Usuario_901,Apartamento,CLP,9,6,1,31,10,340.28,Moderado
Usuario_902,Apartamento,PEN,12,5,1,38,11,358.67,Eficiente
Usuario_903,Casa,COP,3,0,1,18,1,405.33,Eficiente
Usuario_904,Comercio,PEN,1,0,1,18,11,1090.85,Ineficiente
Usuario_905,Oficina,BRL,2,0,1,25,4,986.7,Ineficiente
Usuario_906,Comercio,CLP,12,0,0,32,10,1476.94,Ineficiente
Usuario_907,Casa,MXN,4,4,0,36,12,1039.98,Ineficiente
Usuario_908,Casa,USD,4,4,1,32,7,570.74,Moderado
Usuario_909,Apartamento,USD,6,5,1,20,4,326.58,Eficiente
Usuario_910,Oficina,BRL,1,5,1,25,1,946.38,Moderado
Usuario_911,Oficina,MXN,3,2,0,9,2,782.98,Moderado
Usuario_912,Comercio,CLP,11,4,0,15,7,640.63,Eficiente
Usuario_913,Apartamento,CLP,3,3,0,39,6,586.12,Moderado
Usuario_914,Comercio,CLP,3,1,0,38,9,912.1,Moderado
Usuario_915,Apartamento,BRL,3,2,0,34,3,680.17,Moderado
Usuario_916,Comercio,BRL,3,5,0,11,6,979.76,Eficiente
Usuario_917,Casa,CLP,9,5,1,21,3,417.0,Eficiente
Usuario_918,Casa,BRL,6,3,0,20,8,947.65,Ineficiente
Usuario_919,Oficina,MXN,4,0,1,2,13,809.16,Ineficiente
Usuario_920,Oficina,CLP,10,4,1,15,4,412.98,Eficiente
Usuario_921,Casa,COP,2,5,0,9,9,748.28,Ineficiente
Usuario_922,Comercio,PEN,11,2,1,25,8,929.75,Moderado
Usuario_923,Comercio,MXN,3,1,1,27,13,1574.36,Ineficiente
Usuario_924,Casa,COP,7,1,0,13,13,767.41,Ineficiente
Usuario_925,Apartamento,USD,3,3,0,32,12,488.0,Moderado
Usuario_926,Oficina,BRL,8,1,1,3,10,391.41,Eficiente
Usuario_927,Comercio,PEN,6,3,0,37,10,821.94,Eficiente
Usuario_928,Casa,CLP,2,3,1,3,4,441.92,Ineficiente
Usuario_929,Comercio,PEN,1,4,1,4,4,986.42,Ineficiente
Usuario_930,Oficina,ARS,7,2,0,19,8,707.57,Eficiente
Usuario_931,Apartamento,ARS,5,4,0,34,3,400.14,Eficiente
Usuario_932,Comercio,BRL,11,3,1,33,2,1659.93,Ineficiente
Usuario_933,Apartamento,BRL,10,5,1,26,7,813.75,Ineficiente
Usuario_934,Oficina,ARS,1,1,1,13,8,860.09,Ineficiente
Usuario_935,Casa,COP,6,5,0,11,12,354.9,Eficiente
Usuario_936,Casa,USD,2,5,1,24,2,543.71,Moderado
Usuario_937,Comercio,PEN,9,4,0,25,9,528.72,Eficiente
Usuario_938,Comercio,USD,3,2,1,10,3,1181.15,Ineficiente
Usuario_939,Apartamento,MXN,12,0,1,20,12,360.71,Eficiente
Usuario_940,Comercio,COP,11,1,1,9,4,953.68,Ineficiente
Usuario_941,Casa,CLP,5,0,1,32,9,476.71,Moderado
Usuario_942,Casa,CLP,8,1,1,31,8,621.18,Moderado
Usuario_943,Comercio,ARS,2,4,0,16,9,1310.76,Ineficiente
Usuario_944,Oficina,CLP,11,4,0,14,1,787.5,Ineficiente
Usuario_945,Apartamento,MXN,1,5,1,10,1,319.95,Moderado
Usuario_946,Oficina,COP,2,0,1,12,3,439.72,Eficiente
Usuario_947,Oficina,CLP,11,5,0,37,13,527.9,Eficiente
Usuario_948,Apartamento,ARS,12,4,1,3,2,463.0,Ineficiente
Usuario_949,Oficina,COP,6,3,0,28,9,1120.45,Ineficiente
Usuario_950,Casa,COP,8,1,1,18,6,621.1,Ineficiente
Usuario_951,Comercio,CLP,4,5,1,4,2,790.9,Ineficiente
Usuario_952,Casa,ARS,12,5,0,19,7,803.34,Ineficiente
Usuario_953,Oficina,COP,9,4,0,23,3,556.87,Eficiente
Usuario_954,Comercio,CLP,12,5,1,12,10,1247.66,Ineficiente
Usuario_955,Apartamento,PEN,5,1,1,2,8,228.41,Moderado
Usuario_956,Casa,PEN,4,6,0,27,7,528.63,Eficiente
Usuario_957,Casa,COP,6,4,0,14,1,542.79,Moderado
Usuario_958,Apartamento,PEN,5,2,0,20,5,233.55,Eficiente
Usuario_959,Oficina,BRL,1,0,0,22,7,714.85,Eficiente
Usuario_960,Casa,BRL,3,1,1,22,11,844.57,Ineficiente
Usuario_961,Comercio,ARS,1,5,1,10,11,673.72,Eficiente
Usuario_962,Comercio,BRL,9,2,1,27,12,1322.5,Ineficiente
Usuario_963,Casa,BRL,9,2,1,21,9,525.47,Moderado
Usuario_964,Casa,MXN,10,5,1,23,2,607.53,Moderado
Usuario_965,Apartamento,COP,1,2,0,35,3,536.55,Eficiente
Usuario_966,Comercio,MXN,10,0,0,20,12,945.16,Moderado
Usuario_967,Oficina,PEN,1,2,1,32,4,1089.44,Ineficiente
Usuario_968,Oficina,ARS,5,1,1,12,2,588.15,Eficiente
Usuario_969,Oficina,BRL,1,6,1,6,8,882.08,Ineficiente
Usuario_970,Casa,BRL,8,4,1,22,8,679.2,Moderado
Usuario_971,Oficina,BRL,6,1,0,7,9,843.12,Ineficiente
Usuario_972,Apartamento,MXN,12,0,1,34,2,999.97,Ineficiente
Usuario_973,Casa,COP,1,5,0,6,6,640.41,Ineficiente
Usuario_974,Comercio,USD,2,4,0,20,1,805.98,Eficiente
Usuario_975,Oficina,PEN,4,2,1,19,5,390.95,Eficiente
Usuario_976,Oficina,BRL,8,5,1,10,3,600.14,Eficiente
Usuario_977,Oficina,USD,1,4,1,7,4,764.13,Ineficiente
Usuario_978,Oficina,CLP,6,2,1,19,10,382.26,Eficiente
Usuario_979,Apartamento,MXN,2,2,0,22,9,574.18,Ineficiente
Usuario_980,Comercio,USD,3,0,1,4,2,876.09,Ineficiente
Usuario_981,Comercio,USD,2,3,1,39,10,1087.27,Ineficiente
Usuario_982,Comercio,CLP,6,2,1,13,12,991.99,Ineficiente
Usuario_983,Casa,BRL,8,4,1,30,2,500.27,Eficiente
Usuario_984,Comercio,COP,11,5,0,30,8,666.36,Eficiente
Usuario_985,Apartamento,MXN,3,6,0,17,6,543.76,Moderado
Usuario_986,Comercio,MXN,12,5,1,21,8,1257.55,Ineficiente
Usuario_987,Comercio,USD,2,3,1,31,8,1404.62,Ineficiente
Usuario_988,Apartamento,COP,6,4,1,33,2,525.9,Moderado
Usuario_989,Comercio,BRL,12,6,1,36,11,1154.02,Moderado
Usuario_990,Casa,BRL,5,4,1,38,7,1113.71,Ineficiente
Usuario_991,Apartamento,CLP,4,4,1,31,7,589.43,Ineficiente
Usuario_992,Casa,COP,4,6,0,28,13,780.31,Ineficiente
Usuario_993,Comercio,CLP,6,4,0,12,11,624.8,Eficiente
Usuario_994,Casa,PEN,12,4,0,8,10,538.34,Ineficiente
Usuario_995,Comercio,COP,9,0,0,12,5,803.18,Eficiente
Usuario_996,Comercio,USD,10,0,0,39,13,699.88,Eficiente
Usuario_997,Comercio,COP,8,5,0,6,4,1191.7,Ineficiente
Usuario_998,Apartamento,CLP,11,6,1,10,11,198.94,Eficiente
Usuario_999,Apartamento,ARS,9,2,1,37,8,879.91,Ineficiente
Usuario_1000,Apartamento,MXN,11,2,1,20,7,457.1,Moderado
